대분류,중분료,업종명,종목명,종목코드,비고
주식,유가,KOSPI,삼성전자,'005930,
주식,유가,KOSPI,현대차,'005380,
주식,유가,KOSPI,SK하이닉스,'000660,
주식,유가,KOSPI,현대모비스,'012330,
주식,유가,KOSPI,NAVER,'035420,
주식,유가,KOSPI,POSCO,'005490,
주식,유가,KOSPI,한국전력,'015760,
주식,유가,KOSPI,삼성전자우,'005935,
주식,유가,KOSPI,기아차,'000270,
주식,유가,KOSPI,삼성생명,'032830,
주식,유가,KOSPI,신한지주,'055550,
주식,유가,KOSPI,LG화학,'051910,
주식,유가,KOSPI,SK텔레콤,'017670,
주식,유가,KOSPI,현대중공업,'009540,
주식,유가,KOSPI,KB금융,'105560,
주식,유가,KOSPI,LG전자,'066570,
주식,유가,KOSPI,삼성화재,'000810,
주식,유가,KOSPI,KT&G,'033780,
주식,유가,KOSPI,삼성물산,'000830,
주식,유가,KOSPI,하나금융지주,'086790,
주식,유가,KOSPI,LG,'003550,
주식,유가,KOSPI,LG디스플레이,'034220,
주식,유가,KOSPI,SK이노베이션,'096770,
주식,유가,KOSPI,현대글로비스,'086280,
주식,유가,KOSPI,롯데쇼핑,'023530,
주식,유가,KOSPI,우리금융,'053000,
주식,유가,KOSPI,현대제철,'004020,
주식,유가,KOSPI,아모레퍼시픽,'090430,
주식,유가,KOSPI,SK,'003600,
주식,유가,KOSPI,SK C&C,'034730,
주식,유가,KOSPI,KT,'030200,
주식,유가,KOSPI,한국타이어,'161390,
주식,유가,KOSPI,삼성SDI,'006400,
주식,유가,KOSPI,기업은행,'024110,
주식,유가,KOSPI,LG생활건강,'051900,
주식,유가,KOSPI,고려아연,'010130,
주식,유가,KOSPI,KCC,'002380,
주식,유가,KOSPI,이마트,'139480,
주식,유가,KOSPI,S-Oil,'010950,
주식,유가,KOSPI,코웨이,'021240,
주식,유가,KOSPI,삼성중공업,'010140,
주식,유가,KOSPI,롯데케미칼,'011170,
주식,유가,KOSPI,강원랜드,'035250,
주식,유가,KOSPI,현대차2우B,'005387,
주식,유가,KOSPI,현대건설,'000720,
주식,유가,KOSPI,아모레G,'002790,
주식,유가,KOSPI,한화생명,'088350,
주식,유가,KOSPI,한국가스공사,'036460,
주식,유가,KOSPI,오리온,'001800,
주식,유가,KOSPI,대우조선해양,'042660,
주식,유가,KOSPI,삼성카드,'029780,
주식,유가,KOSPI,한라비스테온공조,'018880,
주식,유가,KOSPI,현대위아,'011210,
주식,유가,KOSPI,CJ제일제당,'097950,
주식,유가,KOSPI,삼성전기,'009150,
주식,유가,KOSPI,CJ,'001040,
주식,유가,KOSPI,OCI,'010060,
주식,유가,KOSPI,GS,'078930,
주식(ETF),유가,KOSPI,KODEX 200,'069500,
주식,유가,KOSPI,LG유플러스,'032640,
주식,유가,KOSPI,엔씨소프트,'036570,
주식,유가,KOSPI,대우인터내셔널,'047050,
주식,유가,KOSPI,제일모직,'001300,
주식,유가,KOSPI,동부화재,'005830,
주식,유가,KOSPI,현대차우,'005385,
주식,유가,KOSPI,호텔신라,'008770,
주식,유가,KOSPI,삼성증권,'016360,
주식,유가,KOSPI,두산중공업,'034020,
주식,유가,KOSPI,대우건설,'047040,
주식,유가,KOSPI,LG이노텍,'011070,
주식,유가,KOSPI,현대미포조선,'010620,
주식,유가,KOSPI,한전KPS,'051600,
주식,유가,KOSPI,현대백화점,'069960,
주식,유가,KOSPI,에스원,'012750,
주식,유가,KOSPI,삼성엔지니어링,'028050,
주식,유가,KOSPI,BS금융지주,'138930,
주식,유가,KOSPI,한화케미칼,'009830,
주식,유가,KOSPI,한국항공우주,'047810,
주식,유가,KOSPI,대우증권,'006800,
주식,유가,KOSPI,대림산업,'000210,
주식,유가,KOSPI,삼성테크윈,'012450,
주식,유가,KOSPI,CJ대한통운,'000120,
주식,유가,KOSPI,금호석유,'011780,
주식,유가,KOSPI,현대해상,'001450,
주식,유가,KOSPI,두산,'000150,
주식,유가,KOSPI,제일기획,'030000,
주식,유가,KOSPI,롯데제과,'004990,
주식,유가,KOSPI,SK네트웍스,'001740,
주식,유가,KOSPI,두산인프라코어,'042670,
주식,유가,KOSPI,GKL,'114090,
주식,유가,KOSPI,현대산업,'012630,
주식,유가,KOSPI,만도,'060980,
주식,유가,KOSPI,현대로템,'064350,
주식,유가,KOSPI,효성,'004800,
주식,유가,KOSPI,한국금융지주,'071050,
주식,유가,KOSPI,롯데칠성,'005300,
주식,유가,KOSPI,LS,'006260,
주식,유가,KOSPI,한국타이어월드와이드,'000240,
주식,유가,KOSPI,영풍,'000670,
주식,유가,KOSPI,맥쿼리인프라,'088980,
주식,유가,KOSPI,DGB금융지주,'139130,
주식,유가,KOSPI,신세계,'004170,
주식,유가,KOSPI,영원무역,'111770,
주식,유가,KOSPI,LS산전,'010120,
주식,유가,KOSPI,유한양행,'000100,
주식,유가,KOSPI,대한항공,'003490,
주식,유가,KOSPI,한화,'000880,
주식,유가,KOSPI,한샘,'009240,
주식,유가,KOSPI,미래에셋증권,'037620,
주식,유가,KOSPI,한전기술,'052690,
주식,유가,KOSPI,LG하우시스,'108670,
주식,유가,KOSPI,금호타이어,'073240,
주식,유가,KOSPI,농심,'004370,
주식,유가,KOSPI,GS리테일,'007070,
주식,유가,KOSPI,코오롱인더,'120110,
주식,유가,KOSPI,우리투자증권,'005940,
주식,유가,KOSPI,LIG손해보험,'002550,
주식,유가,KOSPI,현대홈쇼핑,'057050,
주식,유가,KOSPI,현대그린푸드,'005440,
주식,유가,KOSPI,GS건설,'006360,
주식(ETF),유가,KOSPI,TIGER 200,'102110,
주식,유가,KOSPI,대상,'001680,
주식,유가,KOSPI,현대하이스코,'010520,
주식,유가,KOSPI,범양건영,'002410,
주식,유가,KOSPI,현대상선,'011200,
주식(ETF),유가,KOSPI,KODEX 레버리지,'122630,
주식,유가,KOSPI,롯데하이마트,'071840,
주식,유가,KOSPI,넥센타이어,'002350,
주식,유가,KOSPI,하이트진로,'000080,
주식,유가,KOSPI,오뚜기,'007310,
주식,유가,KOSPI,녹십자,'006280,
주식,유가,KOSPI,LG화학우,'051915,
주식,유가,KOSPI,태광산업,'003240,
주식,유가,KOSPI,BGF리테일,'027410,
주식,유가,KOSPI,메리츠화재,'000060,
주식,유가,KOSPI,아이마켓코리아,'122900,
주식,유가,KOSPI,SK케미칼,'006120,
주식,유가,KOSPI,SKC,'011790,
주식,유가,KOSPI,쌍용차,'003620,
주식,유가,KOSPI,코리안리,'003690,
주식,유가,KOSPI,NHN엔터테인먼트,'181710,
주식(ETF),유가,KOSPI,KODEX 단기채권,'153130,
주식,유가,KOSPI,세아베스틸,'001430,
주식,유가,KOSPI,스카이라이프,'053210,
주식,유가,KOSPI,동양생명,'082640,
주식,유가,KOSPI,LG상사,'001120,
주식,유가,KOSPI,CJ헬로비전,'037560,
주식,유가,KOSPI,영원무역홀딩스,'009970,
주식,유가,KOSPI,한세실업,'105630,
주식,유가,KOSPI,동원산업,'006040,
주식,유가,KOSPI,KNB금융지주,'192520,
주식,유가,KOSPI,한미약품,'128940,
주식,유가,KOSPI,삼성정밀화학,'004000,
주식,유가,KOSPI,롯데푸드,'002270,
주식,유가,KOSPI,코라오홀딩스,'900140,
주식,유가,KOSPI,현대증권,'003450,
주식,유가,KOSPI,한일시멘트,'003300,
주식,유가,KOSPI,휴켐스,'069260,
주식,유가,KOSPI,CJ CGV,'079160,
주식,유가,KOSPI,키움증권,'039490,
주식,유가,KOSPI,아시아나항공,'020560,
주식,유가,KOSPI,휠라코리아,'081660,
주식,유가,KOSPI,한미사이언스,'008930,
주식,유가,KOSPI,메리츠금융지주,'138040,
주식,유가,KOSPI,쌍용양회,'003410,
주식,유가,KOSPI,무학,'033920,
주식,유가,KOSPI,한일이화,'007860,
주식,유가,KOSPI,SK가스,'018670,
주식,유가,KOSPI,한국콜마,'161890,
주식,유가,KOSPI,빙그레,'005180,
주식(ETF),유가,KOSPI,KODEX 삼성그룹,'102780,
주식,유가,KOSPI,녹십자홀딩스,'005250,
주식,유가,KOSPI,코스맥스,'192820,
주식,유가,KOSPI,AK홀딩스,'006840,
주식,유가,KOSPI,두산건설,'011160,
주식,유가,KOSPI,LF,'093050,
주식(ETF),유가,KOSPI,KINDEX200,'105190,
주식,유가,KOSPI,삼립식품,'005610,
주식,유가,KOSPI,동원F&B,'049770,
주식,유가,KOSPI,현대상사,'011760,
주식,유가,KOSPI,한진해운,'117930,
주식,유가,KOSPI,에스엘,'005850,
주식,유가,KOSPI,하나투어,'039130,
주식,유가,KOSPI,풍산,'103140,
주식,유가,KOSPI,NH농협증권,'016420,
주식,유가,KOSPI,지역난방공사,'071320,
주식,유가,KOSPI,동아에스티,'170900,
주식,유가,KOSPI,한진칼,'180640,
주식,유가,KOSPI,아모레퍼시픽우,'090435,
주식,유가,KOSPI,대웅제약,'069620,
주식,유가,KOSPI,아이에스동서,'010780,
주식,유가,KOSPI,JB금융지주,'175330,
주식,유가,KOSPI,종근당,'185750,
주식,유가,KOSPI,메리츠종금증권,'008560,
주식,유가,KOSPI,세아제강,'003030,
주식,유가,KOSPI,락앤락,'115390,
주식(ETF),유가,KOSPI,파워 K200,'152870,
주식,유가,KOSPI,대상홀딩스,'084690,
주식,유가,KOSPI,신도리코,'029530,
주식,유가,KOSPI,세방전지,'004490,
주식,유가,KOSPI,LG전자우,'066575,
주식,유가,KOSPI,한섬,'020000,
주식,유가,KOSPI,두산엔진,'082740,
주식,유가,KOSPI,현대엘리베이,'017800,
주식,유가,KOSPI,대한해운,'005880,
주식,유가,KOSPI,서울가스,'017390,
주식,유가,KOSPI,도레이케미칼,'008000,
주식,유가,KOSPI,세아홀딩스,'058650,
주식,유가,KOSPI,신세계인터내셔날,'031430,
주식,유가,KOSPI,고려제강,'002240,
주식,유가,KOSPI,삼천리,'004690,
주식,유가,KOSPI,KJB금융지주,'192530,
주식,유가,KOSPI,한국쉘석유,'002960,
주식,유가,KOSPI,남양유업,'003920,
주식,유가,KOSPI,한진중공업,'097230,
주식,유가,KOSPI,삼양홀딩스,'000070,
주식(ETF),유가,KOSPI,KODEX 인버스,'114800,
주식,유가,KOSPI,대교,'019680,
주식,유가,KOSPI,농심홀딩스,'072710,
주식,유가,KOSPI,LG생명과학,'068870,
주식,유가,KOSPI,조광피혁,'004700,
주식,유가,KOSPI,광동제약,'009290,
주식,유가,KOSPI,SBS,'034120,
주식,유가,KOSPI,삼성화재우,'000815,
주식,유가,KOSPI,동아쏘시오홀딩스,'000640,
주식,유가,KOSPI,다우기술,'023590,
주식,유가,KOSPI,한솔제지,'004150,
주식,유가,KOSPI,SBS미디어홀딩스,'101060,
주식,유가,KOSPI,남해화학,'025860,
주식,유가,KOSPI,동아타이어,'007340,
주식,유가,KOSPI,E1,'017940,
주식,유가,KOSPI,NICE,'034310,
주식,유가,KOSPI,팜스코,'036580,
주식,유가,KOSPI,베이직하우스,'084870,
주식,유가,KOSPI,동국제강,'001230,
주식(ETF),유가,KOSPI,TIGER 유동자금,'157450,
주식,유가,KOSPI,LG생활건강우,'051905,
주식(ETF),유가,KOSPI,KOSEF 200,'069660,
주식,유가,KOSPI,서흥,'008490,
주식,유가,KOSPI,팬오션,'028670,
주식,유가,KOSPI,대웅,'003090,
주식,유가,KOSPI,부광약품,'003000,
주식,유가,KOSPI,대한유화,'006650,
주식,유가,KOSPI,한국단자,'025540,
주식,유가,KOSPI,현대리바트,'079430,
주식,유가,KOSPI,현대에이치씨엔,'126560,
주식,유가,KOSPI,태영건설,'009410,
주식,유가,KOSPI,한화손해보험,'000370,
주식,유가,KOSPI,케이비캐피탈,'021960,
주식,유가,KOSPI,STX,'011810,
주식,유가,KOSPI,대신증권,'003540,
주식,유가,KOSPI,일양약품,'007570,
주식,유가,KOSPI,S&T모티브,'064960,
주식,유가,KOSPI,부산가스,'015350,
주식,유가,KOSPI,조선내화,'000480,
주식,유가,KOSPI,유니드,'014830,
주식,유가,KOSPI,신라교역,'004970,
주식,유가,KOSPI,한진,'002320,
주식,유가,KOSPI,넥센,'005720,
주식,유가,KOSPI,풀무원,'017810,
주식,유가,KOSPI,휴비스,'079980,
주식,유가,KOSPI,화신,'010690,
주식,유가,KOSPI,경동가스,'012320,
주식,유가,KOSPI,신영증권,'001720,
주식,유가,KOSPI,아주캐피탈,'033660,
주식,유가,KOSPI,대원강업,'000430,
주식,유가,KOSPI,모토닉,'009680,
주식,유가,KOSPI,광주신세계,'037710,
주식,유가,KOSPI,현대증권2우B,'003457,
주식,유가,KOSPI,한솔테크닉스,'004710,
주식,유가,KOSPI,제일약품,'002620,
주식,유가,KOSPI,일진머티리얼즈,'020150,
주식,유가,KOSPI,한미반도체,'042700,
주식,유가,KOSPI,퍼시스,'016800,
주식,유가,KOSPI,벽산,'007210,
주식,유가,KOSPI,아세아시멘트,'183190,
주식,유가,KOSPI,국도화학,'007690,
주식,유가,KOSPI,대덕전자,'008060,
주식,유가,KOSPI,크라운제과,'005740,
주식,유가,KOSPI,맵스리얼티1,'094800,
주식,유가,KOSPI,보령제약,'003850,
주식,유가,KOSPI,세종공업,'033530,
주식,유가,KOSPI,삼익악기,'002450,
주식,유가,KOSPI,일동제약,'000230,
주식,유가,KOSPI,현대차3우B,'005389,
주식,유가,KOSPI,한세예스24홀딩스,'016450,
주식,유가,KOSPI,삼영무역,'002810,
주식,유가,KOSPI,일진전기,'103590,
주식,유가,KOSPI,한국콜마홀딩스,'024720,
주식,유가,KOSPI,금호산업,'002990,
주식,유가,KOSPI,AJ렌터카,'068400,
주식,유가,KOSPI,LS네트웍스,'000680,
주식,유가,KOSPI,S&T중공업,'003570,
주식,유가,KOSPI,롯데관광개발,'032350,
주식,유가,KOSPI,율촌화학,'008730,
주식,유가,KOSPI,대한전선,'001440,
주식,유가,KOSPI,삼화페인트,'000390,
주식,유가,KOSPI,SBI모기지,'950100,
주식,유가,KOSPI,경방,'000050,
주식,유가,KOSPI,세방,'004360,
주식,유가,KOSPI,현대비앤지스틸,'004560,
주식,유가,KOSPI,일진홀딩스,'015860,
주식,유가,KOSPI,한진해운홀딩스,'000700,
주식(ETF),유가,KOSPI,ARIRANG 200,'152100,
주식,유가,KOSPI,일신방직,'003200,
주식,유가,KOSPI,세원정공,'021820,
주식,유가,KOSPI,디아이,'003160,
주식,유가,KOSPI,동양기전,'013570,
주식,유가,KOSPI,한독,'002390,
주식,유가,KOSPI,더존비즈온,'012510,
주식,유가,KOSPI,경동나비엔,'009450,
주식(ETF),유가,KOSPI,KStar 200,'148020,
주식,유가,KOSPI,한국패러랠,'168490,
주식,유가,KOSPI,HMC투자증권,'001500,
주식,유가,KOSPI,동양증권,'003470,
주식,유가,KOSPI,영진약품,'003520,
주식,유가,KOSPI,한화투자증권,'003530,
주식,유가,KOSPI,두산우,'000155,
주식,유가,KOSPI,한솔케미칼,'014680,
주식,유가,KOSPI,한국카본,'017960,
주식,유가,KOSPI,한진중공업홀딩스,'003480,
주식,유가,KOSPI,성신양회,'004980,
주식,유가,KOSPI,선진,'136490,
주식,유가,KOSPI,건설화학,'000860,
주식,유가,KOSPI,일진디스플,'020760,
주식,유가,KOSPI,대한제분,'001130,
주식,유가,KOSPI,KPX케미칼,'025000,
주식,유가,KOSPI,신영증권우,'001725,
주식,유가,KOSPI,환인제약,'016580,
주식,유가,KOSPI,이연제약,'102460,
주식,유가,KOSPI,자화전자,'033240,
주식,유가,KOSPI,대덕GDS,'004130,
주식,유가,KOSPI,S&T홀딩스,'036530,
주식,유가,KOSPI,코오롱,'002020,
주식,유가,KOSPI,세이브존I&C,'067830,
주식,유가,KOSPI,삼진제약,'005500,
주식(ETF),유가,KOSPI,KStar 국고채,'114100,
주식,유가,KOSPI,후성,'093370,
주식,유가,KOSPI,풍산홀딩스,'005810,
주식,유가,KOSPI,동원시스템즈,'014820,
주식,유가,KOSPI,하이트진로홀딩스,'000140,
주식,유가,KOSPI,노루홀딩스,'000320,
주식,유가,KOSPI,포스코플랜텍,'051310,
주식,유가,KOSPI,무림P&P,'009580,
주식,유가,KOSPI,대구백화점,'006370,
주식,유가,KOSPI,경남에너지,'008020,
주식,유가,KOSPI,대한제당,'001790,
주식,유가,KOSPI,케이씨텍,'029460,
주식,유가,KOSPI,한국철강,'104700,
주식,유가,KOSPI,삼양사,'145990,
주식,유가,KOSPI,흥국화재,'000540,
주식,유가,KOSPI,동성홀딩스,'102260,
주식,유가,KOSPI,경인양행,'012610,
주식,유가,KOSPI,KPX홀딩스,'092230,
주식,유가,KOSPI,에이블씨엔씨,'078520,
주식,유가,KOSPI,금강공업,'014280,
주식,유가,KOSPI,세아특수강,'019440,
주식,유가,KOSPI,NPC,'004250,
주식,유가,KOSPI,교보증권,'030610,
주식,유가,KOSPI,동부하이텍,'000990,
주식,유가,KOSPI,DRB동일,'004840,
주식,유가,KOSPI,JW중외제약,'001060,
주식,유가,KOSPI,애경유화,'161000,
주식,유가,KOSPI,CJ제일제당 우,'097955,
주식,유가,KOSPI,현대EP,'089470,
주식,유가,KOSPI,신세계푸드,'031440,
주식,유가,KOSPI,일성신약,'003120,
주식,유가,KOSPI,삼양제넥스,'003940,
주식,유가,KOSPI,삼영전자,'005680,
주식,유가,KOSPI,기신정기,'092440,
주식,유가,KOSPI,SK증권,'001510,
주식,유가,KOSPI,롯데손해보험,'000400,
주식,유가,KOSPI,웅진씽크빅,'095720,
주식,유가,KOSPI,미원에스씨,'107590,
주식,유가,KOSPI,예스코,'015360,
주식,유가,KOSPI,한국유리,'002000,
주식,유가,KOSPI,한국ANKOR유전,'152550,
주식,유가,KOSPI,삼양식품,'003230,
주식,유가,KOSPI,삼광글라스,'005090,
주식,유가,KOSPI,태평양물산,'007980,
주식,유가,KOSPI,GS글로벌,'001250,
주식,유가,KOSPI,아세아,'002030,
주식,유가,KOSPI,코리아써키트,'007810,
주식,유가,KOSPI,대동공업,'000490,
주식,유가,KOSPI,새론오토모티브,'075180,
주식,유가,KOSPI,화승알앤에이,'013520,
주식,유가,KOSPI,삼성물산우,'000835,
주식,유가,KOSPI,아모레G우,'002795,
주식,유가,KOSPI,코스맥스비티아이,'044820,
주식,유가,KOSPI,영흥철강,'012160,
주식,유가,KOSPI,SIMPAC,'009160,
주식,유가,KOSPI,송원산업,'004430,
주식,유가,KOSPI,동아원,'008040,
주식,유가,KOSPI,효성ITX,'094280,
주식,유가,KOSPI,한라,'014790,
주식(ETF),유가,KOSPI,KOSEF 국고채,'114470,
주식,유가,KOSPI,사조산업,'007160,
주식,유가,KOSPI,한화타임월드,'027390,
주식,유가,KOSPI,대원제약,'003220,
주식,유가,KOSPI,태경산업,'015890,
주식,유가,KOSPI,이수화학,'005950,
주식,유가,KOSPI,상신브레이크,'041650,
주식,유가,KOSPI,코오롱글로벌,'003070,
주식,유가,KOSPI,아세아제지,'002310,
주식,유가,KOSPI,진양홀딩스,'100250,
주식,유가,KOSPI,이수페타시스,'007660,
주식,유가,KOSPI,한전산업,'130660,
주식,유가,KOSPI,대유신소재,'000300,
주식,유가,KOSPI,신풍제약,'019170,
주식(ETF),유가,KOSPI,ARIRANG 단기유동성,'190160,
주식,유가,KOSPI,웅진에너지,'103130,
주식,유가,KOSPI,KISCO홀딩스,'001940,
주식,유가,KOSPI,한솔홈데코,'025750,
주식,유가,KOSPI,STX엔진,'077970,
주식,유가,KOSPI,KG케미칼,'001390,
주식,유가,KOSPI,유나이티드제약,'033270,
주식,유가,KOSPI,대성홀딩스,'016710,
주식,유가,KOSPI,CJ우,'001045,
주식,유가,KOSPI,KSS해운,'044450,
주식,유가,KOSPI,동일방직,'001530,
주식,유가,KOSPI,대성에너지,'117580,
주식,유가,KOSPI,유니퀘스트,'077500,
주식,유가,KOSPI,동부제철,'016380,
주식,유가,KOSPI,삼익THK,'004380,
주식(ETF),유가,KOSPI,KINDEX 삼성그룹SW,'108450,
주식,유가,KOSPI,S-Oil우,'010955,
주식,유가,KOSPI,도화엔지니어링,'002150,
주식,유가,KOSPI,삼성SDI우,'006405,
주식,유가,KOSPI,우리종금,'010050,
주식,유가,KOSPI,STX중공업,'071970,
주식,유가,KOSPI,종근당홀딩스,'001630,
주식,유가,KOSPI,한올바이오파마,'009420,
주식,유가,KOSPI,동화약품,'000020,
주식,유가,KOSPI,카프로,'006380,
주식,유가,KOSPI,파미셀,'005690,
주식(ETF),유가,KOSPI,파워 국고채 ETF,'176710,
주식,유가,KOSPI,신성통상,'005390,
주식,유가,KOSPI,삼원강재,'023000,
주식,유가,KOSPI,이건산업,'008250,
주식,유가,KOSPI,노루페인트,'090350,
주식,유가,KOSPI,미원상사,'002840,
주식,유가,KOSPI,KC그린홀딩스,'009440,
주식,유가,KOSPI,동부증권,'016610,
주식,유가,KOSPI,대신증권우,'003545,
주식,유가,KOSPI,중국원양자원,'900050,
주식,유가,KOSPI,이스타코,'015020,
주식,유가,KOSPI,텔코웨어,'078000,
주식,유가,KOSPI,유성기업,'002920,
주식,유가,KOSPI,제주은행,'006220,
주식,유가,KOSPI,지엠비코리아,'013870,
주식,유가,KOSPI,우진,'105840,
주식,유가,KOSPI,아모레G2우B,'002797,
주식,유가,KOSPI,유화증권,'003460,
주식,유가,KOSPI,삼호,'001880,
주식,유가,KOSPI,대한제강,'084010,
주식,유가,KOSPI,세원셀론텍,'091090,
주식,유가,KOSPI,케이티스,'058860,
주식,유가,KOSPI,금호전기,'001210,
주식,유가,KOSPI,BYC,'001460,
주식,유가,KOSPI,KR모터스,'000040,
주식,유가,KOSPI,한솔로지스틱스,'009180,
주식,유가,KOSPI,화천기공,'000850,
주식,유가,KOSPI,계양전기,'012200,
주식,유가,KOSPI,코오롱플라스틱,'138490,
주식(ETF),유가,KOSPI,KOSEF 단기자금,'130730,
주식,유가,KOSPI,화성산업,'002460,
주식,유가,KOSPI,KTcs,'058850,
주식,유가,KOSPI,진흥기업,'002780,
주식,유가,KOSPI,코오롱머티리얼,'144620,
주식,유가,KOSPI,인터지스,'129260,
주식,유가,KOSPI,남선알미늄,'008350,
주식,유가,KOSPI,KTB투자증권,'030210,
주식,유가,KOSPI,웅진홀딩스,'016880,
주식,유가,KOSPI,대림산업우,'000215,
주식,유가,KOSPI,태림포장,'011280,
주식,유가,KOSPI,유니온스틸,'003640,
주식,유가,KOSPI,휴스틸,'005010,
주식,유가,KOSPI,JW홀딩스,'096760,
주식,유가,KOSPI,동양강철,'001780,
주식,유가,KOSPI,유진투자증권,'001200,
주식,유가,KOSPI,디씨엠,'024090,
주식,유가,KOSPI,조광페인트,'004910,
주식,유가,KOSPI,경농,'002100,
주식,유가,KOSPI,GⅡR,'035000,
주식,유가,KOSPI,인천도시가스,'034590,
주식(ETF),유가,KOSPI,파워 K100,'140950,
주식,유가,KOSPI,백산,'035150,
주식,유가,KOSPI,SJM,'123700,
주식(ETF),유가,KOSPI,ARIRANG 바벨 채권,'190150,
주식,유가,KOSPI,부국증권,'001270,
주식,유가,KOSPI,엠케이트렌드,'069640,
주식,유가,KOSPI,한신공영,'004960,
주식,유가,KOSPI,대유에이텍,'002880,
주식,유가,KOSPI,이월드,'084680,
주식,유가,KOSPI,KPX그린케미칼,'083420,
주식,유가,KOSPI,LG우,'003555,
주식,유가,KOSPI,F&F,'007700,
주식(ETF),유가,KOSPI,TIGER 반도체,'091230,
주식,유가,KOSPI,신원,'009270,
주식,유가,KOSPI,선창산업,'002820,
주식,유가,KOSPI,한국제지,'002300,
주식,유가,KOSPI,동일산업,'004890,
주식,유가,KOSPI,한국금융지주우,'071055,
주식,유가,KOSPI,신일산업,'002700,
주식,유가,KOSPI,삼양통상,'002170,
주식,유가,KOSPI,디아이씨,'092200,
주식,유가,KOSPI,SG세계물산,'004060,
주식,유가,KOSPI,성창기업지주,'000180,
주식,유가,KOSPI,가온전선,'000500,
주식,유가,KOSPI,신세계 I&C,'035510,
주식,유가,KOSPI,대성산업,'128820,
주식(ETF),유가,KOSPI,KOSEF 통안채,'122260,
주식,유가,KOSPI,비상교육,'100220,
주식,유가,KOSPI,미창석유,'003650,
주식,유가,KOSPI,에넥스,'011090,
주식,유가,KOSPI,광전자,'017900,
주식,유가,KOSPI,S&TC,'100840,
주식,유가,KOSPI,넥솔론,'110570,
주식,유가,KOSPI,디피씨,'026890,
주식,유가,KOSPI,깨끗한나라,'004540,
주식,유가,KOSPI,엔케이,'085310,
주식,유가,KOSPI,동일고무벨트,'163560,
주식,유가,KOSPI,흥아해운,'003280,
주식,유가,KOSPI,IHQ,'003560,
주식,유가,KOSPI,계룡건설,'013580,
주식,유가,KOSPI,백광산업,'001340,
주식,유가,KOSPI,남광토건,'001260,
주식(ETF),유가,KOSPI,TIGER 레버리지,'123320,
주식(ETF),유가,KOSPI,KODEX CHINA A50,'169950,
주식,유가,KOSPI,로엔케이,'006490,
주식,유가,KOSPI,샘표식품,'007540,
주식,유가,KOSPI,금호석유우,'011785,
주식,유가,KOSPI,사조씨푸드,'014710,
주식,유가,KOSPI,현대피앤씨,'011720,
주식,유가,KOSPI,삼정펄프,'009770,
주식,유가,KOSPI,아비스타,'090370,
주식,유가,KOSPI,대경기계,'015590,
주식,유가,KOSPI,신대양제지,'016590,
주식,유가,KOSPI,롯데칠성우,'005305,
주식,유가,KOSPI,신송홀딩스,'006880,
주식,유가,KOSPI,대한화섬,'003830,
주식(ETF),유가,KOSPI,KStar 단기통안채,'196230,
주식,유가,KOSPI,대창단조,'015230,
주식,유가,KOSPI,동양철관,'008970,
주식,유가,KOSPI,쌍용머티리얼,'047400,
주식,유가,KOSPI,한국프랜지,'010100,
주식,유가,KOSPI,경남기업,'000800,
주식,유가,KOSPI,인팩,'023810,
주식,유가,KOSPI,영보화학,'014440,
주식,유가,KOSPI,무림페이퍼,'009200,
주식,유가,KOSPI,광명전기,'017040,
주식,유가,KOSPI,코스모신소재,'005070,
주식,유가,KOSPI,포스코강판,'058430,
주식,유가,KOSPI,우리투자증권우,'005945,
주식(ETF),유가,KOSPI,TIGER 국채3,'114820,
주식,유가,KOSPI,대현,'016090,
주식,유가,KOSPI,동아지질,'028100,
주식,유가,KOSPI,퍼스텍,'010820,
주식,유가,KOSPI,동부건설,'005960,
주식,유가,KOSPI,CJ씨푸드,'011150,
주식,유가,KOSPI,삼성전기우,'009155,
주식,유가,KOSPI,LG하우시스우,'108675,
주식,유가,KOSPI,우성사료,'006980,
주식,유가,KOSPI,신영와코루,'005800,
주식,유가,KOSPI,모나리자,'012690,
주식,유가,KOSPI,한국주철관,'000970,
주식,유가,KOSPI,코스모화학,'005420,
주식,유가,KOSPI,덕양산업,'024900,
주식,유가,KOSPI,SH에너지화학,'002360,
주식,유가,KOSPI,티웨이홀딩스,'004870,
주식(ETF),유가,KOSPI,KINDEX 중국본토CSI300,'168580,
주식,유가,KOSPI,황금에스티,'032560,
주식,유가,KOSPI,일신석재,'007110,
주식,유가,KOSPI,동방아그로,'007590,
주식,유가,KOSPI,사조해표,'079660,
주식,유가,KOSPI,신성솔라에너지,'011930,
주식,유가,KOSPI,한양증권,'001750,
주식,유가,KOSPI,근화제약,'002250,
주식,유가,KOSPI,극동유화,'014530,
주식,유가,KOSPI,조선선재,'120030,
주식,유가,KOSPI,사조대림,'003960,
주식,유가,KOSPI,NI스틸,'008260,
주식,유가,KOSPI,WISCOM,'024070,
주식,유가,KOSPI,대창,'012800,
주식,유가,KOSPI,한국내화,'010040,
주식,유가,KOSPI,코오롱인더우,'120115,
주식,유가,KOSPI,KCTC,'009070,
주식,유가,KOSPI,미원화학,'134380,
주식,유가,KOSPI,대교우B,'019685,
주식,유가,KOSPI,인지컨트롤스,'023800,
주식(ETF),유가,KOSPI,TIGER 중국소비테마,'150460,
주식,유가,KOSPI,일진다이아,'081000,
주식,유가,KOSPI,SK이노베이션우,'096775,
주식,유가,KOSPI,동성제약,'002210,
주식,유가,KOSPI,한국공항,'005430,
주식,유가,KOSPI,동성화학,'005190,
주식,유가,KOSPI,동일제지,'019300,
주식,유가,KOSPI,CS홀딩스,'000590,
주식,유가,KOSPI,KPX화인케미칼,'025850,
주식,유가,KOSPI,성보화학,'003080,
주식,유가,KOSPI,미래산업,'025560,
주식,유가,KOSPI,수출포장,'002200,
주식,유가,KOSPI,대영포장,'014160,
주식,유가,KOSPI,동국실업,'001620,
주식,유가,KOSPI,삼성공조,'006660,
주식,유가,KOSPI,윌비스,'008600,
주식,유가,KOSPI,유니온,'000910,
주식,유가,KOSPI,페이퍼코리아,'001020,
주식,유가,KOSPI,보해양조,'000890,
주식,유가,KOSPI,삼호개발,'010960,
주식,유가,KOSPI,태경화학,'006890,
주식,유가,KOSPI,휴니드,'005870,
주식,유가,KOSPI,삼성제약,'001360,
주식,유가,KOSPI,종근당바이오,'063160,
주식,유가,KOSPI,조일알미늄,'018470,
주식,유가,KOSPI,신흥,'004080,
주식(ETF),유가,KOSPI,TIGER 차이나A300,'192090,
주식,유가,KOSPI,삼영화학,'003720,
주식,유가,KOSPI,하이골드8호,'159650,
주식,유가,KOSPI,동부CNI,'012030,
주식,유가,KOSPI,TCC동양,'002710,
주식(ETF),유가,KOSPI,KINDEX 단기자금,'190620,
주식,유가,KOSPI,한농화성,'011500,
주식,유가,KOSPI,동양,'001520,
주식,유가,KOSPI,SK케미칼우,'006125,
주식,유가,KOSPI,제일연마,'001560,
주식,유가,KOSPI,SJM홀딩스,'025530,
주식,유가,KOSPI,백광소재,'014580,
주식,유가,KOSPI,대림통상,'006570,
주식,유가,KOSPI,성지건설,'005980,
주식,유가,KOSPI,수산중공업,'017550,
주식,유가,KOSPI,현대약품,'004310,
주식,유가,KOSPI,삼화왕관,'004450,
주식,유가,KOSPI,화천기계,'010660,
주식,유가,KOSPI,KC코트렐,'119650,
주식,유가,KOSPI,쌍방울,'102280,
주식,유가,KOSPI,DSR,'155660,
주식,유가,KOSPI,방림,'003610,
주식,유가,KOSPI,대우증권우,'006805,
주식,유가,KOSPI,보루네오,'004740,
주식,유가,KOSPI,만호제강,'001080,
주식,유가,KOSPI,바다로19호,'155900,
주식,유가,KOSPI,화승인더,'006060,
주식(ETF),유가,KOSPI,TREX 200,'108590,
주식(ETF),유가,KOSPI,TIGER IT,'139260,
주식,유가,KOSPI,하이골드3호,'153360,
주식,유가,KOSPI,고려개발,'004200,
주식,유가,KOSPI,한국종합기술,'023350,
주식,유가,KOSPI,두산2우B,'000157,
주식,유가,KOSPI,대림B&Co,'005750,
주식,유가,KOSPI,동양물산,'002900,
주식,유가,KOSPI,참엔지니어링,'009310,
주식(ETF),유가,KOSPI,ARIRANG 배당주,'161510,
주식,유가,KOSPI,SG충남방적,'001380,
주식,유가,KOSPI,하이골드12호,'172580,
주식,유가,KOSPI,대호에이엘,'069460,
주식,유가,KOSPI,삼화콘덴서,'001820,
주식,유가,KOSPI,유양디앤유,'011690,
주식,유가,KOSPI,아남전자,'008700,
주식,유가,KOSPI,동양고속,'084670,
주식,유가,KOSPI,신세계건설,'034300,
주식,유가,KOSPI,동아에스텍,'058730,
주식,유가,KOSPI,DSR제강,'069730,
주식,유가,KOSPI,진원생명과학,'011000,
주식,유가,KOSPI,슈넬생명과학,'003060,
주식,유가,KOSPI,대성합동지주,'005620,
주식,유가,KOSPI,동양네트웍스,'030790,
주식(ETF),유가,KOSPI,TIGER KRX100,'091210,
주식,유가,KOSPI,평화산업,'090080,
주식(ETF),유가,KOSPI,KODEX China H,'099140,
주식,유가,KOSPI,마니커,'027740,
주식,유가,KOSPI,대신증권2우B,'003547,
주식,유가,KOSPI,유엔젤,'072130,
주식,유가,KOSPI,하나니켈1호,'099340,
주식(ETF),유가,KOSPI,KStar 우량회사채,'136340,
주식,유가,KOSPI,천일고속,'000650,
주식,유가,KOSPI,한미글로벌,'053690,
주식,유가,KOSPI,디올메디바이오,'007120,
주식,유가,KOSPI,하이골드2호,'139200,
주식,유가,KOSPI,대원화성,'024890,
주식,유가,KOSPI,남양유업우,'003925,
주식,유가,KOSPI,영화금속,'012280,
주식,유가,KOSPI,한국석유,'004090,
주식,유가,KOSPI,삼성출판사,'068290,
주식,유가,KOSPI,KEC,'092220,
주식,유가,KOSPI,삼화전기,'009470,
주식(ETF),유가,KOSPI,KStar 5대그룹주,'105780,
주식,유가,KOSPI,이화산업,'000760,
주식,유가,KOSPI,오리엔트바이오,'002630,
주식,유가,KOSPI,필룩스,'033180,
주식,유가,KOSPI,인디에프,'014990,
주식,유가,KOSPI,조비,'001550,
주식,유가,KOSPI,SK우,'003605,
주식,유가,KOSPI,베트남개발1,'096300,
주식,유가,KOSPI,GS우,'078935,
주식,유가,KOSPI,대원전선,'006340,
주식,유가,KOSPI,조흥,'002600,
주식,유가,KOSPI,한신기계,'011700,
주식,유가,KOSPI,콤텍시스템,'031820,
주식,유가,KOSPI,동원금속,'018500,
주식,유가,KOSPI,남영비비안,'002070,
주식,유가,KOSPI,혜인,'003010,
주식,유가,KOSPI,대양금속,'009190,
주식,유가,KOSPI,MH에탄올,'023150,
주식(ETF),유가,KOSPI,KOSEF 10년국고채,'148070,
주식,유가,KOSPI,우진플라임,'049800,
주식(ETF),유가,KOSPI,KODEX 국고채,'114260,
주식,유가,KOSPI,IB월드와이드,'011420,
주식,유가,KOSPI,동방,'004140,
주식,유가,KOSPI,덕성,'004830,
주식,유가,KOSPI,전방,'000950,
주식,유가,KOSPI,다우인큐브,'020120,
주식(ETF),유가,KOSPI,TIGER 로우볼,'174350,
주식,유가,KOSPI,서원,'021050,
주식,유가,KOSPI,넥센타이어1우B,'002355,
주식,유가,KOSPI,고려산업,'002140,
주식,유가,KOSPI,골든브릿지증권,'001290,
주식,유가,KOSPI,써니전자,'004770,
주식,유가,KOSPI,평화홀딩스,'010770,
주식,유가,KOSPI,세방2우B,'004367,
주식,유가,KOSPI,금양,'001570,
주식,유가,KOSPI,삼부토건,'001470,
주식,유가,KOSPI,부국철강,'026940,
주식,유가,KOSPI,선도전기,'007610,
주식,유가,KOSPI,트러스제7호,'140890,
주식,유가,KOSPI,문배철강,'008420,
주식,유가,KOSPI,휘닉스홀딩스,'037270,
주식,유가,KOSPI,영풍제지,'006740,
주식,유가,KOSPI,우신시스템,'017370,
주식(ETF),유가,KOSPI,KOSEF 고배당,'104530,
주식,유가,KOSPI,코크렙15호,'121550,
주식,유가,KOSPI,태양금속,'004100,
주식,유가,KOSPI,이구산업,'025820,
주식,유가,KOSPI,이필름,'093230,
주식,유가,KOSPI,대동전자,'008110,
주식,유가,KOSPI,원림,'005820,
주식,유가,KOSPI,부산산업,'011390,
주식,유가,KOSPI,동남합성,'023450,
주식,유가,KOSPI,신성이엔지,'104110,
주식,유가,KOSPI,유화증권우,'003465,
주식,유가,KOSPI,유유제약,'000220,
주식,유가,KOSPI,국동,'005320,
주식,유가,KOSPI,진양화학,'051630,
주식,유가,KOSPI,모나미,'005360,
주식(ETF),유가,KOSPI,KODEX 골드선물(H),'132030,
주식,유가,KOSPI,명문제약,'017180,
주식(ETF),유가,KOSPI,TIGER 코스닥프리미어,'122390,
주식,유가,KOSPI,호텔신라우,'008775,
주식,유가,KOSPI,하이스틸,'071090,
주식,유가,KOSPI,대우부품,'009320,
주식,유가,KOSPI,한성기업,'003680,
주식,유가,KOSPI,서울식품,'004410,
주식,유가,KOSPI,보락,'002760,
주식,유가,KOSPI,에리트베이직,'093240,
주식,유가,KOSPI,한솔아트원제지,'007190,
주식,유가,KOSPI,트랜스더멀아시아홀딩스,'015540,
주식,유가,KOSPI,사조오양,'006090,
주식,유가,KOSPI,한익스프레스,'014130,
주식(ETF),유가,KOSPI,마이다스 커버드콜,'137930,
주식,유가,KOSPI,진양산업,'003780,
주식(ETF),유가,KOSPI,KINDEX 밸류대형,'143460,
주식,유가,KOSPI,한국주강,'025890,
주식,유가,KOSPI,성안,'011300,
주식,유가,KOSPI,코아스,'071950,
주식,유가,KOSPI,한창제지,'009460,
주식,유가,KOSPI,한솔PNS,'010420,
주식,유가,KOSPI,국제약품,'002720,
주식,유가,KOSPI,한국특수형강,'007280,
주식,유가,KOSPI,에이엔피,'015260,
주식,유가,KOSPI,남성,'004270,
주식,유가,KOSPI,코크렙8호,'090540,
주식,유가,KOSPI,삼일제약,'000520,
주식,유가,KOSPI,한일철강,'002220,
주식,유가,KOSPI,일성건설,'013360,
주식,유가,KOSPI,우리들제약,'004720,
주식,유가,KOSPI,삼아알미늄,'006110,
주식,유가,KOSPI,하이트론,'019490,
주식(ETF),유가,KOSPI,TIGER 삼성그룹,'138520,
주식(ETF),유가,KOSPI,TIGER 베타플러스,'170350,
주식(ETF),유가,KOSPI,iKon 100,'153270,
주식(ETF),유가,KOSPI,TIGER 합성-일본(H),'195920,
주식(ETF),유가,KOSPI,TIGER 합성-유로스탁스50(H),'195930,
주식,유가,KOSPI,진도,'088790,
주식,유가,KOSPI,금비,'008870,
주식,유가,KOSPI,와이비로드,'010600,
주식,유가,KOSPI,부국증권우,'001275,
주식(ETF),유가,KOSPI,TIGER 합성-단기선진하이일드(H),'182490,
주식,유가,KOSPI,세하,'027970,
주식(ETF),유가,KOSPI,KODEX 은행,'091170,
주식(ETF),유가,KOSPI,KOSEF KRX100,'100910,
주식,유가,KOSPI,신풍제지,'002870,
주식,유가,KOSPI,경인전자,'009140,
주식,유가,KOSPI,지에스인스트루,'007630,
주식,유가,KOSPI,동원수산,'030720,
주식,유가,KOSPI,한국화장품,'123690,
주식,유가,KOSPI,키스톤글로벌,'012170,
주식(ETF),유가,KOSPI,ARIRANG K100EW,'141240,
주식,유가,KOSPI,세방우,'004365,
주식,유가,KOSPI,신한,'005450,
주식,유가,KOSPI,한국전자홀딩스,'006200,
주식(ETF),유가,KOSPI,TIGER 은행,'091220,
주식,유가,KOSPI,일정실업,'008500,
주식,유가,KOSPI,대상우,'001685,
주식,유가,KOSPI,세우글로벌,'013000,
주식,유가,KOSPI,삼환까뮤,'013700,
주식(ETF),유가,KOSPI,마이티 K100,'159800,
주식(ETF),유가,KOSPI,KStar 중국본토 CSI100,'174360,
주식(ETF),유가,KOSPI,파워고배당저변동성,'192720,
주식,유가,KOSPI,케이탑리츠,'145270,
주식,유가,KOSPI,티에이치엔,'019180,
주식,유가,KOSPI,신성에프에이,'104120,
주식,유가,KOSPI,팀스,'134790,
주식,유가,KOSPI,삼양엔텍,'008720,
주식,유가,KOSPI,대한방직,'001070,
주식(ETF),유가,KOSPI,GIANT 현대차그룹,'107560,
주식(ETF),유가,KOSPI,KODEX 합성-미국바이오,'185680,
주식,유가,KOSPI,녹십자홀딩스1우,'005255,
주식(ETF),유가,KOSPI,KStar 레버리지,'123760,
주식,유가,KOSPI,아시아1호,'080180,
주식,유가,KOSPI,진양폴리,'010640,
주식,유가,KOSPI,우리들휴브레인,'118000,
주식(ETF),유가,KOSPI,TIGER S&P500선물(H),'143850,
주식,유가,KOSPI,나라케이아이씨,'007460,
주식,유가,KOSPI,삼화전자,'011230,
주식,유가,KOSPI,유한양행우,'000105,
주식,유가,KOSPI,신일건업,'014350,
주식,유가,KOSPI,한창,'005110,
주식,유가,KOSPI,체시스,'033250,
주식,유가,KOSPI,BYC우,'001465,
주식,유가,KOSPI,부산주공,'005030,
주식(ETF),유가,KOSPI,ARIRANG 합성-신흥국(H),'195980,
주식(ETF),유가,KOSPI,KOSEF 달러선물,'138230,
주식(ETF),유가,KOSPI,TIGER 경기민감,'139290,
주식(ETF),유가,KOSPI,ARIRANG 합성-선진국(H),'195970,
주식(ETF),유가,KOSPI,KINDEX 일본레버리지(H),'196030,
주식,유가,KOSPI,청호컴넷,'012600,
주식(ETF),유가,KOSPI,KStar 일본레버리지(H),'196220,
주식,유가,KOSPI,삼환기업,'000360,
주식,유가,KOSPI,하이트진로2우B,'000087,
주식,유가,KOSPI,동원,'003580,
주식(ETF),유가,KOSPI,KODEX 자동차,'091180,
주식,유가,KOSPI,주연테크,'044380,
주식,유가,KOSPI,태원물산,'001420,
주식(ETF),유가,KOSPI,KODEX 은선물(H),'144600,
주식,유가,KOSPI,성문전자,'014910,
주식(ETF),유가,KOSPI,TIGER 커버드C200,'166400,
주식,유가,KOSPI,현대시멘트,'006390,
주식,유가,KOSPI,동양증권1우,'003475,
주식,유가,KOSPI,에쓰씨엔지니어링,'023960,
주식,유가,KOSPI,한국화장품제조,'003350,
주식,유가,KOSPI,고려포리머,'009810,
주식(ETF),유가,KOSPI,KTOP50,'168300,
주식,유가,KOSPI,신화실업,'001770,
주식,유가,KOSPI,삼영홀딩스,'004920,
주식(ETF),유가,KOSPI,KODEX 에너지화학,'117460,
주식,유가,KOSPI,대덕GDS우,'004135,
주식,유가,KOSPI,지코,'010580,
주식(ETF),유가,KOSPI,ARIRANG 합성-AC 월드(H),'189400,
주식(ETF),유가,KOSPI,KStar 우량업종,'140580,
주식,유가,KOSPI,로케트전기,'000420,
주식,유가,KOSPI,티이씨앤코,'008900,
주식,유가,KOSPI,아시아7호,'082260,
주식,유가,KOSPI,아시아5호,'082240,
주식,유가,KOSPI,아시아6호,'082250,
주식,유가,KOSPI,대한항공우,'003495,
주식(ETF),유가,KOSPI,TIGER 인버스,'123310,
주식,유가,KOSPI,NPC우,'004255,
주식(ETF),유가,KOSPI,KOSEF 블루칩,'104520,
주식,유가,KOSPI,광희리츠,'140910,
주식(ETF),유가,KOSPI,ARIRANG 주도주,'161500,
주식(ETF),유가,KOSPI,KOSEF 10년국고채 레버리지,'167860,
주식,유가,KOSPI,아시아9호,'081940,
주식(ETF),유가,KOSPI,KINDEX 레버리지,'152500,
주식(ETF),유가,KOSPI,FIRST 스타우량,'108630,
주식(ETF),유가,KOSPI,ARIRANG KOSPI50,'122090,
주식(ETF),유가,KOSPI,TIGER 경기방어,'139280,
주식,유가,KOSPI,코오롱우,'002025,
주식,유가,KOSPI,국보,'001140,
주식(ETF),유가,KOSPI,KINDEX 국고채,'114460,
주식(ETF),유가,KOSPI,KODEX 반도체,'091160,
주식(ETF),유가,KOSPI,TIGER 농산물선물(H),'137610,
주식(ETF),유가,KOSPI,KStar 코스닥엘리트30,'108480,
주식(ETF),유가,KOSPI,KINDEX 코스닥스타,'108440,
주식,유가,KOSPI,녹십자홀딩스2우,'005257,
주식(ETF),유가,KOSPI,KODEX 조선,'102960,
주식(ETF),유가,KOSPI,KStar 채권혼합,'183700,
주식,유가,KOSPI,아시아8호,'081930,
주식,유가,KOSPI,넥센우,'005725,
주식,유가,KOSPI,코리아써우,'007815,
주식(ETF),유가,KOSPI,TREX 펀더멘탈 200,'145850,
주식(ETF),유가,KOSPI,KODEX 인버스국채선물10년,'176950,
주식(ETF),유가,KOSPI,TIGER합성-MSCI US리츠(H),'182480,
주식,유가,KOSPI,삼양홀딩스우,'000075,
주식,유가,KOSPI,KGP,'109070,
주식(ETF),유가,KOSPI,TIGER 차이나,'117690,
주식,유가,KOSPI,세기상사,'002420,
주식,유가,KOSPI,아시아11호,'083580,
주식,유가,KOSPI,아시아10호,'083570,
주식,유가,KOSPI,아시아13호,'083600,
주식,유가,KOSPI,아시아12호,'083590,
주식,유가,KOSPI,삼양제넥우,'003945,
주식(ETF),유가,KOSPI,KStar 주식혼합,'183710,
주식(ETF),유가,KOSPI,KStar 5대그룹주장기채+,'157650,
주식,유가,KOSPI,이엔쓰리,'074610,
주식(ETF),유가,KOSPI,KODEX 합성-미국IT,'200020,
주식(ETF),유가,KOSPI,KODEX 합성-MSCI독일,'200050,
주식(ETF),유가,KOSPI,KODEX 건설,'117700,
주식(ETF),유가,KOSPI,KODEX 합성-미국금융,'200040,
주식(ETF),유가,KOSPI,KODEX 합성-미국산업재,'200030,
주식,유가,KOSPI,한화케미칼우,'009835,
주식,유가,KOSPI,아티스,'101140,
주식,유가,KOSPI,신우,'025620,
주식,유가,KOSPI,케이비부국위탁리츠,'149130,
주식,유가,KOSPI,코리아03호,'090990,
주식,유가,KOSPI,코리아04호,'091000,
주식(ETF),유가,KOSPI,TIGER 현대차그룹+,'138540,
주식,유가,KOSPI,크라운제우,'005745,
주식,유가,KOSPI,코리아02호,'090980,
주식,유가,KOSPI,코리아01호,'090970,
주식,유가,KOSPI,아시아2호,'081190,
주식,유가,KOSPI,아시아3호,'081200,
주식(ETF),유가,KOSPI,ARIRANG 방어주,'161490,
주식,유가,KOSPI,한화투자증권우,'003535,
주식,유가,KOSPI,에프지엔개발리츠,'119250,
주식,유가,KOSPI,대상3우B,'001689,
주식(ETF),유가,KOSPI,ARIRANG 철강금속,'161540,
주식(ETF),유가,KOSPI,ARIRANG KRX100EW,'141250,
주식,유가,KOSPI,아시아14호,'083610,
주식,유가,KOSPI,아시아15호,'083620,
주식(ETF),유가,KOSPI,KODEX 증권,'102970,
주식(ETF),유가,KOSPI,KINDEX 삼성그룹EW,'131890,
주식(ETF),유가,KOSPI,ARIRANG 네오밸류,'129270,
주식(ETF),유가,KOSPI,ARIRANG 조선운송,'161530,
주식,유가,KOSPI,대한제당우,'001795,
주식(ETF),유가,KOSPI,TIGER 헬스케어,'143860,
주식(ETF),유가,KOSPI,ARIRANG 자동차,'161520,
주식,유가,KOSPI,대상홀딩스우,'084695,
주식(ETF),유가,KOSPI,TIGER 구리실물,'160580,
주식,유가,KOSPI,하나니켈2호,'099350,
주식(ETF),유가,KOSPI,GREAT SRI,'120210,
주식,유가,KOSPI,유니켐,'011330,
주식,유가,KOSPI,한진칼우,'18064K,
주식,유가,KOSPI,일양약품우,'007575,
주식(ETF),유가,KOSPI,TIGER 브릭스,'105020,
주식(ETF),유가,KOSPI,TIGER 그린,'137990,
주식,유가,KOSPI,동북아11호,'083360,
주식,유가,KOSPI,동북아14호,'083390,
주식,유가,KOSPI,태영건설우,'009415,
주식,유가,KOSPI,동북아13호,'083380,
주식,유가,KOSPI,한화우,'000885,
주식,유가,KOSPI,동북아12호,'083370,
주식(ETF),유가,KOSPI,KODEX 소비재,'136280,
주식(ETF),유가,KOSPI,KODEX MSCI KOREA,'156080,
주식,유가,KOSPI,신풍제약우,'019175,
주식(ETF),유가,KOSPI,KODEX 철강,'117680,
주식(ETF),유가,KOSPI,KODEX 주식&골드(H),'166060,
주식,유가,KOSPI,동북아10호,'083350,
주식(ETF),유가,KOSPI,KOSEF 펀더멘탈대형주,'144670,
주식(ETF),유가,KOSPI,ARIRANG 화학,'161550,
주식,유가,KOSPI,아시아4호,'081210,
주식(ETF),유가,KOSPI,KStar 수출주,'140570,
주식(ETF),유가,KOSPI,KINDEX 합성-선진국하이일드(H),'181450,
주식(ETF),유가,KOSPI,KODEX 구리선물(H),'138910,
주식(ETF),유가,KOSPI,PIONEER SRI,'148040,
주식(ETF),유가,KOSPI,GREAT GREEN,'138210,
주식(ETF),유가,KOSPI,KOSEF IT,'091200,
주식(ETF),유가,KOSPI,ARIRANG LG그룹&,'117740,
주식(ETF),유가,KOSPI,KODEX 10년국채선물,'152380,
주식,유가,KOSPI,동부제철우,'016385,
주식(ETF),유가,KOSPI,TIGER 원유선물(H),'130680,
주식(ETF),유가,KOSPI,TREX 중소형가치,'097750,
주식(ETF),유가,KOSPI,KODEX 콩선물(H),'138920,
주식(ETF),유가,KOSPI,TIGER 모멘텀,'147970,
주식(ETF),유가,KOSPI,KODEX 보험,'140700,
주식,유가,KOSPI,한국유리우,'002005,
주식,유가,KOSPI,LS네트웍스전환상환2우B,'000687,
주식(ETF),유가,KOSPI,KODEX Japan,'101280,
주식(ETF),유가,KOSPI,TIGER 생활소비재,'152180,
주식(ETF),유가,KOSPI,KINDEX 합성-미국리츠부동산(H),'181480,
주식(ETF),유가,KOSPI,TIGER 가치주,'097710,
주식(ETF),유가,KOSPI,KOSEF 200 선물,'152280,
주식,유가,KOSPI,삼양사우,'145995,
주식,유가,KOSPI,성신양회우,'004985,
주식(ETF),유가,KOSPI,TIGER 금은선물(H),'139320,
주식(ETF),유가,KOSPI,TIGER 미디어통신,'098560,
주식(ETF),유가,KOSPI,TIGER 금융,'139270,
주식,유가,KOSPI,LG생명과학우,'068875,
주식(ETF),유가,KOSPI,TIGER 자동차,'157510,
주식(ETF),유가,KOSPI,TIGER LG그룹+,'138530,
주식,유가,KOSPI,동양2우B,'001527,
주식,유가,KOSPI,동부건설우,'005965,
주식(ETF),유가,KOSPI,TIGER 화학,'157520,
주식(ETF),유가,KOSPI,KINDEX 인버스,'145670,
주식(ETF),유가,KOSPI,TIGER 라틴,'105010,
주식(ETF),유가,KOSPI,TIGER 증권,'157500,
주식(ETF),유가,KOSPI,KINDEX 성장대형F15,'105270,
주식,유가,KOSPI,하이트진로홀딩스우,'000145,
주식,유가,KOSPI,현대비앤지스틸우,'004565,
주식(ETF),유가,KOSPI,KOSEF 달러인버스선물,'139660,
주식,유가,KOSPI,금강공업우,'014285,
주식(ETF),유가,KOSPI,TIGER 미드캡,'097720,
주식(ETF),유가,KOSPI,TIGER 에너지화학,'139250,
주식(ETF),유가,KOSPI,TIGER 철강소재,'139240,
주식(ETF),유가,KOSPI,TIGER 소프트웨어,'157490,
주식(ETF),유가,KOSPI,KODEX 운송,'140710,
주식(ETF),유가,KOSPI,TIGER 금속선물(H),'139310,
주식,유가,KOSPI,유유제약1우,'000225,
주식,유가,KOSPI,평산차업 KDR,'950010,
주식,유가,KOSPI,이코리아리츠,'138440,
주식,유가,KOSPI,현대건설우,'000725,
주식(ETF),유가,KOSPI,TIGER 나스닥100,'133690,
주식,유가,KOSPI,삼성중공우,'010145,
주식(ETF),유가,KOSPI,TIGER 건설기계,'139220,
주식,유가,KOSPI,노루페인트우,'090355,
주식,유가,KOSPI,계양전기우,'012205,
주식,유가,KOSPI,코리아써키트2우B,'00781K,
주식,유가,KOSPI,한양증권우,'001755,
주식,유가,KOSPI,대한제당3우B,'001799,
주식(ETF),유가,KOSPI,TIGER 조선운송,'139230,
주식,유가,KOSPI,성신양회3우B,'004989,
주식,유가,KOSPI,금호산업우,'002995,
주식,유가,KOSPI,바다로3호,'092630,
주식,유가,KOSPI,SK증권우,'001515,
주식,유가,KOSPI,노루홀딩스우,'000325,
주식,유가,KOSPI,덕성우,'004835,
주식,유가,KOSPI,동부하이텍1우,'000995,
주식,유가,KOSPI,동원시스템즈우,'014825,
주식,유가,KOSPI,동양우,'001525,
주식,유가,KOSPI,코오롱글로벌우,'003075,
주식,유가,KOSPI,성신양회2우B,'004987,
주식,유가,KOSPI,대원전선우,'006345,
주식,유가,KOSPI,깨끗한나라우,'004545,
주식,유가,KOSPI,태양금속우,'004105,
주식,유가,KOSPI,SK네트웍스우,'001745,
주식(ETF),유가,KOSPI,KODEX Brazil,'104580,
주식,유가,KOSPI,흥국화재우,'000545,
주식,유가,KOSPI,일성건설2우B,'013367,
주식,유가,KOSPI,한솔아트원제지2우B,'007197,
주식,유가,KOSPI,노루홀딩스2우B,'000327,
주식,유가,KOSPI,JW중외제약우,'001065,
주식,유가,KOSPI,쌍용양회우,'003415,
주식,유가,KOSPI,삼환기업우,'000365,
주식,유가,KOSPI,남선알미우,'008355,
주식,유가,KOSPI,CJ씨푸드1우,'011155,
주식,유가,KOSPI,서울식품우,'004415,
주식,유가,KOSPI,로케트전우,'000425,
주식,유가,KOSPI,쌍용양회3우B,'003419,
주식,유가,KOSPI,성문전자우,'014915,
주식,유가,KOSPI,JW중외제약2우B,'001067,
주식,유가,KOSPI,진흥기업우B,'002785,
주식,유가,KOSPI,동양3우B,'001529,
주식,유가,KOSPI,유유제약2우B,'000227,
주식,유가,KOSPI,신원우,'009275,
주식,유가,KOSPI,동부하이텍2우B,'000997,
주식,유가,KOSPI,흥국화재2우B,'000547,
주식,유가,KOSPI,현대모비스우,'012335,
주식,유가,KOSPI,LS네트웍스우,'000685,
주식,유가,KOSPI,보해양조우,'000895,
주식,유가,KOSPI,진흥기업2우B,'002787,
주식,유가,KOSPI,아남전자우,'008705,
주식,유가,KOSPI,SH에너지화학우,'002365,
주식,유가,KOSPI,동양철관우,'008975,
주식,유가,KOSPI,대구백화우,'006375,
주식,유가,KOSPI,한솔아트원제지우,'007195,
주식,유가,KOSPI,세우글로벌우,'013005,
주식,유가,KOSPI,사조대림우,'003965,
주식,유가,KOSPI,한신공영우,'004965,
